id;info_type;content;page_number;position;detected_at;document_id
1;punctually;../fake-data/blob/hipster.txt;18649;deprave low;2025-09-05T03:55:05;1
2;perfectly politely;../fake-data/blob/hipster.txt;18832;punctuation how eke;2025-09-05T11:45:13;2
3;adventurously from vibration;../fake-data/blob/hipster.txt;20942;kissingly;2025-09-05T09:14:16;3
4;unexpectedly hm;../fake-data/blob/hipster.txt;14592;dress spork;2025-09-06T02:22:04;4
5;frankly;../fake-data/blob/hipster.txt;6474;after celebrate grounded;2025-09-05T18:56:30;5
6;jacket conceptualize;../fake-data/blob/hipster.txt;27018;notwithstanding under whether;2025-09-05T05:25:31;6
7;fine;../fake-data/blob/hipster.txt;31360;next strictly longingly;2025-09-05T21:45:54;7
8;briskly far-flung;../fake-data/blob/hipster.txt;32075;provided the because;2025-09-05T07:42:53;8
9;yum timely;../fake-data/blob/hipster.txt;23250;wherever quiet react;2025-09-06T02:02:20;9
10;whereas queasily;../fake-data/blob/hipster.txt;17724;graft contravene furthermore;2025-09-05T06:44:26;10
